{
  "companies": [
    {
      "id": "57c1",
      "email": "diwu@mailinator.com",
      "password": "Pa$$w0rd!",
      "nameCompany": "Gilmore Galloway Inc",
      "imageCompany": "Hudson Sosa Trading",
      "nit": 37673079
    }
  ],
  "jobs": [
    {
      "id": "4904",
      "image": "assets/img/logo.webp",
      "titleJob": "Sed qui duis volupta",
      "description": "Facere impedit expe",
      "location": "Itaque deserunt hic ",
      "experience": "82",
      "modality": "Remote",
      "salary": "12",
      "datePublication": "2024-02-12",
      "companyId": "57c1"
    },
    {
      "id": "4d71",
      "image": "assets/img/logo.webp",
      "titleJob": "Est non ut distincti",
      "description": "Labore labore volupt",
      "location": "Eos commodi consequa",
      "experience": "2",
      "modality": "In person",
      "salary": "48",
      "datePublication": "2024-02-12",
      "companyId": "57c1"
    }
  ]
}